step,duration_s,emissions_kg,cpu_energy_kwh,gpu_energy_kwh,ram_energy_kwh,energy_kwh
0,3.3288508192636077,9.251370434817312e-05,3.3878271445840194e-05,0.0001910884862041,5.47691634312893e-05,0.0002797359210813
1,30.575667713768784,0.0008086752298604,0.00020497802243871557,0.0019307768224052,0.00030945596878096965,0.0024452108136251
2,5.667562318965793,0.00014097520741686032,5.598647192266617e-05,0.0002897521762434,8.053148958521585e-05,0.00042627013775130003
3,31.03658115444705,0.0008427248068245,0.00020251343683352503,0.0020174880028846,0.00032816590171615205,0.0025481673414344
4,6.098883585073054,0.00016008777431685318,7.013294047923511e-05,0.0003153299744908,9.859835268645031e-05,0.00048406126765650003
5,4.957839860580862,0.00011439403280298498,4.551870196558524e-05,0.0002433407502237379,5.703654622322777e-05,0.00034589599841258154
6,6.302587416023016,0.0001453826679683427,4.123152263793643e-05,0.00031530386335979144,8.306169661745016e-05,0.0004395970826152015
7,4.785313221160322,0.00011043053873967146,4.269383121787164e-05,0.0002381382460682866,5.3079408449896936e-05,0.00033391148573600334
8,4.56876673316583,0.00010646898566143917,3.397891728851958e-05,0.00023832213510382275,4.963178967073974e-05,0.00032193284206307664
9,3.247962167020887,9.424989125848688e-05,2.805033214882532e-05,0.0002037959963629,5.313934284107139e-05,0.0002849856713528
10,3.956741880159825,0.0001106350039384,3.531393886707014e-05,0.0002517224235987,4.7493369627692224e-05,0.0003345297320934
11,4.095494605135173,0.00010161038646650294,3.8256516235268096e-05,0.00020923850071588745,5.9746761441541215e-05,0.0003072417783927288
12,3.50478818686679,9.916478844945257e-05,2.7489057361760345e-05,0.0002141907269077,5.816718036334756e-05,0.0002998469646328
13,4.7409310271032155,0.00010977547585295003,3.4838576819237497e-05,0.000244149917548913,5.29422619043746e-05,0.00033193075627249003
14,4.42382721696049,0.0001245433465375,3.6636692332560815e-05,0.0002737568856687,6.619114535084615e-05,0.0003765847233521
15,4.725899924524128,0.00011243643148199754,3.591073660138847e-05,0.0002516202012827699,5.2445814158353545e-05,0.00033997675204250875
16,3.782324322964996,0.0001005847610837,2.6804053222629408e-05,0.0002333024088727,4.40341080694149e-05,0.0003041405701648
17,4.407683555036783,0.0001230010377139,3.6065323247368543e-05,0.0002700024382349,6.585344544922313e-05,0.0003719212069315
18,2.9942335840314627,7.732344187045351e-05,2.8049735626887183e-05,0.0001671523559423,3.860266617137111e-05,0.0002338047577405
19,4.17176513094455,0.0001207044112673,4.848629445496117e-05,0.0002553379820469,6.115256560345491e-05,0.0003649768421053
20,3.3287438862025738,9.003419820808262e-05,3.0436629947195083e-05,0.0001870201496245,5.478179893947932e-05,0.0002722385785112
21,4.706428077071905,0.0001099816795748181,4.0341374440012917e-05,0.00023992435860264508,5.22885264013894e-05,0.0003325542594440376
22,4.360167298000306,0.0001202914728116,3.36748841916185e-05,0.0002650399342556,6.501341168121952e-05,0.0003637282301284
23,5.269572018645704,0.0001304921025034744,4.689703351068679e-05,0.0002748910532445337,7.278403361172727e-05,0.00039457212036695256
24,4.630887722596526,0.00010920405634229394,4.038593278030368e-05,0.0002389899134200756,5.082709510396753e-05,0.0003302029413043437
25,6.558156431186944,0.0001729201178828,4.3267256150575256e-05,0.0004109344954201,6.866098309401423e-05,0.0005228627346647
26,4.001927315723151,0.000114257948067,3.8936805692157855e-05,0.0002581932621055,4.835444791371832e-05,0.0003454845157113
27,4.328030104748905,0.00010968929039877253,4.259782620736263e-05,0.00022465129082140068,6.442103820542495e-05,0.0003316701552342603
28,3.3190193800255656,7.616822178479059e-05,2.835323146444191e-05,0.00012783593560773872,7.412252380874836e-05,0.00023031169088098656
29,6.084234394133091,0.00014246154703525252,4.792177891656059e-05,0.0003041280210851106,7.871461873356668e-05,0.00043076441873518036
30,5.261472970247269,0.00014197376747675897,6.203499459742864e-05,0.00029451245782749356,7.27420554845594e-05,0.0004292895079094967
31,5.570936478674412,0.00013756173049436307,4.0850749311139195e-05,0.00031581691931841123,5.928105655152144e-05,0.00041594872518106637
32,5.753353889100254,0.00014204488744681506,4.4765450478149286e-05,0.0003221244243647294,6.261468023682635e-05,0.00042950455507965996
33,5.8678522054106,0.00013938734861868114,4.7250032176843224e-05,0.000309389136390293,6.482972220595305e-05,0.0004214688907730985
34,6.004193119239062,0.00013372138804844852,4.320705840344767e-05,0.00029344884587336725,6.76806847461396e-05,0.00040433658902301253
35,5.434984127059579,0.0001388365337754177,4.3824487083769036e-05,0.0002998427398707885,7.613615168051589e-05,0.0004198033786350991
36,5.200787711888552,0.00013748664756956308,4.8823865069060015e-05,0.00029528995845133746,7.160787160844646e-05,0.00041572169512885067
37,5.69675398664549,0.0001375676528738653,4.6002824779037484e-05,0.0003082280243659904,6.173578367775514e-05,0.00041596663282278195
38,5.984630606137216,0.00014041394204800217,4.307615582206642e-05,0.00031427636252340604,6.722050776136004e-05,0.00042457302610684084
39,5.355303649790585,0.00013127184422525478,4.814060223525194e-05,0.0002743468861438878,7.44423558547472e-05,0.0003969298442338944
40,5.224477854091675,0.00013615246409645894,4.986996329921946e-05,0.00029002662090244077,7.179090815285842e-05,0.0004116874923544789
41,5.950059498660266,0.0001480518499031149,3.7814150230718274e-05,0.00034350666369673466,6.634713853709401e-05,0.00044766795246451926
42,5.444827162194997,0.00013592748115124443,4.580759307790452e-05,0.0002889116200179667,7.628799289620172e-05,0.0004110072059920111
43,5.597373666707426,0.0001312204514679223,4.473000635506071e-05,0.00029233023385436083,5.971420650344549e-05,0.00039677444671288014
44,5.696068520192057,0.000133473173091181,4.125211453068504e-05,0.00030074690725710295,6.158703367691487e-05,0.0004035860554646989
45,5.591824380215257,0.00012963092661479595,4.2440736758665924e-05,0.00028981217629812955,5.971524898713041e-05,0.0003919681620439527
46,5.193325753789395,0.0001313624679297361,5.9803385929452075e-05,0.0002660479906210989,7.135248876616566e-05,0.0003972038653166516
47,5.6602013958618045,0.0001305957652598,4.331630854137906e-05,0.0002905596768840089,6.1009582520152135e-05,0.0003948855679455689
48,5.572086068801582,0.00012793140509917224,4.191533957007081e-05,0.00028565606186240096,5.925787637889799e-05,0.00038682927781142544
49,5.2547807660885155,0.0001284042981367463,4.117205082429389e-05,0.00027467744195057425,7.240968312964671e-05,0.0003882591759045771
